{
  "a_vertex":[
    {
      "x":369.45312,
      "y":-31.953125,
      "vertexType":"false",
      "isEnd":"false"
    },
    {
      "x":300.15625,
      "y":9.90625,
      "vertexType":"false",
      "isEnd":"false"
    },
    {
      "x":288.90625,
      "y":9.90625,
      "vertexType":"true",
      "isEnd":"false"
    },
    {
      "x":270.90625,
      "y":2.703125,
      "vertexType":"true",
      "isEnd":"false"
    },
    {
      "x":263.25,
      "y":-4.953125,
      "vertexType":"true",
      "isEnd":"false"
    },
    {
      "x":250.65625,
      "y":-17.546875,
      "vertexType":"true",
      "isEnd":"false"
    },
    {
      "x":245.70312,
      "y":-30.15625,
      "vertexType":"true",
      "isEnd":"false"
    },
    {
      "x":242.09375,
      "y":-44.09375,
      "vertexType":"true",
      "isEnd":"false"
    },
    {
      "x":206.54688,
      "y":-20.703125,
      "vertexType":"true",
      "isEnd":"false"
    },
    {
      "x":166.95312,
      "y":9.90625,
      "vertexType":"true",
      "isEnd":"false"
    },
    {
      "x":137.25,
      "y":9.90625,
      "vertexType":"true",
      "isEnd":"false"
    },
    {
      "x":79.203125,
      "y":9.90625,
      "vertexType":"true",
      "isEnd":"false"
    },
    {
      "x":36.90625,
      "y":-39.15625,
      "vertexType":"true",
      "isEnd":"false"
    },
    {
      "x":36.90625,
      "y":-95.40625,
      "vertexType":"true",
      "isEnd":"false"
    },
    {
      "x":36.90625,
      "y":-135.45312,
      "vertexType":"true",
      "isEnd":"false"
    },
    {
      "x":59.40625,
      "y":-165.59375,
      "vertexType":"true",
      "isEnd":"false"
    },
    {
      "x":108,
      "y":-180.45312,
      "vertexType":"true",
      "isEnd":"false"
    },
    {
      "x":159.75,
      "y":-198,
      "vertexType":"true",
      "isEnd":"false"
    },
    {
      "x":222.29688,
      "y":-222.29688,
      "vertexType":"true",
      "isEnd":"false"
    },
    {
      "x":240.75,
      "y":-235.79688,
      "vertexType":"true",
      "isEnd":"false"
    },
    {
      "x":240.75,
      "y":-247.95312,
      "vertexType":"false",
      "isEnd":"false"
    },
    {
      "x":240.75,
      "y":-310.95312,
      "vertexType":"true",
      "isEnd":"false"
    },
    {
      "x":208.79688,
      "y":-346.04688,
      "vertexType":"true",
      "isEnd":"false"
    },
    {
      "x":165.59375,
      "y":-346.04688,
      "vertexType":"true",
      "isEnd":"false"
    },
    {
      "x":147.15625,
      "y":-346.04688,
      "vertexType":"true",
      "isEnd":"false"
    },
    {
      "x":132.75,
      "y":-338.40625,
      "vertexType":"true",
      "isEnd":"false"
    },
    {
      "x":124.65625,
      "y":-328.5,
      "vertexType":"true",
      "isEnd":"false"
    },
    {
      "x":113.84375,
      "y":-315.90625,
      "vertexType":"true",
      "isEnd":"false"
    },
    {
      "x":107.09375,
      "y":-299.25,
      "vertexType":"true",
      "isEnd":"false"
    },
    {
      "x":98.546875,
      "y":-273.15625,
      "vertexType":"true",
      "isEnd":"false"
    },
    {
      "x":96.296875,
      "y":-260.54688,
      "vertexType":"true",
      "isEnd":"false"
    },
    {
      "x":86.84375,
      "y":-254.70312,
      "vertexType":"true",
      "isEnd":"false"
    },
    {
      "x":74.25,
      "y":-254.70312,
      "vertexType":"true",
      "isEnd":"false"
    },
    {
      "x":61.203125,
      "y":-254.70312,
      "vertexType":"true",
      "isEnd":"false"
    },
    {
      "x":39.15625,
      "y":-270.90625,
      "vertexType":"true",
      "isEnd":"false"
    },
    {
      "x":39.15625,
      "y":-290.70312,
      "vertexType":"true",
      "isEnd":"false"
    },
    {
      "x":39.15625,
      "y":-303.29688,
      "vertexType":"true",
      "isEnd":"false"
    },
    {
      "x":51.75,
      "y":-313.20312,
      "vertexType":"true",
      "isEnd":"false"
    },
    {
      "x":67.5,
      "y":-324.90625,
      "vertexType":"true",
      "isEnd":"false"
    },
    {
      "x":88.65625,
      "y":-341.09375,
      "vertexType":"true",
      "isEnd":"false"
    },
    {
      "x":143.09375,
      "y":-374.40625,
      "vertexType":"true",
      "isEnd":"false"
    },
    {
      "x":193.04688,
      "y":-384.29688,
      "vertexType":"true",
      "isEnd":"false"
    },
    {
      "x":217.34375,
      "y":-384.29688,
      "vertexType":"true",
      "isEnd":"false"
    },
    {
      "x":243.90625,
      "y":-376.65625,
      "vertexType":"true",
      "isEnd":"false"
    },
    {
      "x":261.45312,
      "y":-360.90625,
      "vertexType":"true",
      "isEnd":"false"
    },
    {
      "x":289.79688,
      "y":-336.59375,
      "vertexType":"true",
      "isEnd":"false"
    },
    {
      "x":299.25,
      "y":-302.40625,
      "vertexType":"true",
      "isEnd":"false"
    },
    {
      "x":299.25,
      "y":-259.20312,
      "vertexType":"true",
      "isEnd":"false"
    },
    {
      "x":299.25,
      "y":-97.65625,
      "vertexType":"false",
      "isEnd":"false"
    },
    {
      "x":299.25,
      "y":-59.40625,
      "vertexType":"true",
      "isEnd":"false"
    },
    {
      "x":313.20312,
      "y":-45.90625,
      "vertexType":"true",
      "isEnd":"false"
    },
    {
      "x":329.40625,
      "y":-45.90625,
      "vertexType":"true",
      "isEnd":"false"
    },
    {
      "x":339.29688,
      "y":-45.90625,
      "vertexType":"true",
      "isEnd":"true"
    },
    {
      "x":351.90625,
      "y":-51.75,
      "vertexType":"true",
      "isEnd":"false"
    },
    {
      "x":360,
      "y":-55.796875,
      "vertexType":"true",
      "isEnd":"false"
    }],
  "counter_vertex":[
    {
      "x":240.75,
      "y":-74.25,
      "vertexType":"false",
      "isEnd":"false"
    },
    {
      "x":240.75,
      "y":-205.65625,
      "vertexType":"false",
      "isEnd":"false"
    },
    {
      "x":221.40625,
      "y":-196.20312,
      "vertexType":"true",
      "isEnd":"false"
    },
    {
      "x":175.5,
      "y":-176.40625,
      "vertexType":"true",
      "isEnd":"false"
    },
    {
      "x":156.15625,
      "y":-167.84375,
      "vertexType":"true",
      "isEnd":"false"
    },
    {
      "x":121.046875,
      "y":-153,
      "vertexType":"true",
      "isEnd":"false"
    },
    {
      "x":102.15625,
      "y":-136.34375,
      "vertexType":"true",
      "isEnd":"false"
    },
    {
      "x":102.15625,
      "y":-104.40625,
      "vertexType":"true",
      "isEnd":"false"
    },
    {
      "x":102.15625,
      "y":-61.65625,
      "vertexType":"true",
      "isEnd":"false"
    },
    {
      "x":137.25,
      "y":-40.046875,
      "vertexType":"true",
      "isEnd":"false"
    },
    {
      "x":165.59375,
      "y":-40.046875,
      "vertexType":"true",
      "isEnd":"false"
    },
    {
      "x":189,
      "y":-40.046875,
      "vertexType":"true",
      "isEnd":"false"
    },
    {
      "x":224.09375,
      "y":-59.40625,
      "vertexType":"true",
      "isEnd":"false"
    },
    {
      "x":240.75,
      "y":-74.25,
      "vertexType":"true",
      "isEnd":"true"
    }
],
  "n_vertex":[
    {
      "x":282.5,
      "y":600.0,
      "vertexType":"false",
      "isEnd":"false"
    },
    {
      "x":282.5,
      "y":300.0,
      "vertexType":"false",
      "isEnd":"false"
    },
    {
      "x":344.0,
      "y":300.0,
      "vertexType":"false",
      "isEnd":"false"
    },
    {
      "x":480.0,
      "y":472.5,
      "vertexType":"false",
      "isEnd":"false"
    },
    {
      "x":480.0,
      "y":300.0,
      "vertexType":"false",
      "isEnd":"false"
    },
    {
      "x":551.5,
      "y":300.0,
      "vertexType":"false",
      "isEnd":"false"
    },
    {
      "x":551.5,
      "y":600.0,
      "vertexType":"false",
      "isEnd":"false"
    },
    {
      "x":490.0,
      "y":600.0,
      "vertexType":"false",
      "isEnd":"false"
    },
    {
      "x":354.0,
      "y":427.5,
      "vertexType":"false",
      "isEnd":"false"
    },
    {
      "x":354.0,
      "y":600.0,
      "vertexType":"false",
      "isEnd":"false"
    }
]} 