{
    "projects": {
        "case_studies" : [
            {
                "route" :"brainvr-cs",
                "name"  : "BrainVR",
                "project_type"  : "Case Study",
                "year"  : "2014",
                "medium": [
                    "Paper",
                    "Wood",
                    "Arduino"
                ],
                "technique": [
                    "Laser Cutter",
                    "Wood Working",
                    "Programing"
                ],
                "description_short": "Leverage emerging Virtual Reality (VR) technology to explore the brain in new dimensions.",
                "description_long": "A traditional Japanese lamp that responds gesturally to weather phenomena using an integrated micro controller + Connectivity to remote weather stations. The lamp seeks to explore our relationship with dynamic data, for this instance weather. How much do we really need to know? When is a qualitative understanding of data sufficient? The lamp is also a sort of commentary on the current state of culture in Japan. It is no coincidence that the lamp resembles a tower crane. The lamp bridges the gap between traditional Japanese culture and Japan as a world-leading technological hub. The Lamp is a collaboration between Massart’s graphic design program and MIT’s Architectural Computation department. The following pages detail the CAD models and a bit of the building process for the first of the 3 proposed lamps, this is the smallest desk lamp. Further on there is a glimpse into the program written to aggregate weather sources as well as a web-interface designed to program + control the lamp.",
                "description_long_1": "A traditional Japanese lamp that responds gesturally to weather phenomena using an integrated micro controller + Connectivity to remote weather stations. The lamp seeks to explore our relationship with dynamic data, for this instance weather. How much do we really need to know? When is a qualitative understanding of data sufficient? The lamp is also a sort of commentary on the current state of culture in Japan.",
                "description_long_2": "A traditional Japanese lamp that responds gesturally to weather phenomena using an integrated micro controller + Connectivity to remote weather stations. The lamp seeks to explore our relationship with dynamic data, for this instance weather. How much do we really need to know?",
                "pull_quotes": [
                    " The lamp seeks to explore our relationship with dynamic data, for this instance weather.",
                    "This is the second big quote",
                    "This is the third big quote"
                ],
                "meta" : {
                    "Client" : "Self (MIT)",
                    "Year" : 2015,
                    "Role" : "Designer / Developer",
                    "Team" : "—",
                    "Discipline" : "Fabrication / Industrial Design",
                    "Medium" : "Internet of Things / Wood",
                    "Technologies" : "Arduino / Woodshop",
                    "Duration" : "Two Months"
                },
                "hero": "images/crystal-8.jpg",
                "cut": "images/lamp-Out.png",
                "images": [
                    {
                        "name": "hero",
                        "src": "images/crystal-8.jpg",
                        "src-sm": "images/lamp-sm-0.jpg",
                        "caption": "Side view of Gestural Lamp. "
                    },
                    {
                        "name": "support_1",
                        "src": "images/crystal-8.jpg",
                        "src-sm": "Images/Sun-sm.png",
                        "caption": " "
                    },
                    {
                        "name": "support_2",
                        "src": "images/crystal-8.jpg",
                        "src-sm": "Images/Sun-sm.png",
                        "caption": " "
                    },
                    {
                        "name": "support_3",
                        "src": "images/crystal-8.jpg",
                        "src-sm": "Images/Sun-sm.png",
                        "caption": " "
                    },
                    {
                        "name": "support_4",
                        "src": "images/crystal-8.jpg",
                        "src-sm": "Images/Sun-sm.png",
                        "caption": " "
                    },
                    {
                        "name": "support_5",
                        "src": "images/crystal-8.jpg",
                        "src-sm": "Images/Sun-sm.png",
                        "caption": " "
                    }
                ]
            }
        ],
        "select_work" : [
            {
                "route" :"brainvr",
                "preview" :"brainvr-preview",
                "project" :"brainvr-project",
                "name"  : "BrainVr",
                "year"  : "2016",
                "medium": [
                    "Paper",
                    "Wood",
                    "Arduino"
                ],
                "technique": [
                    "Laser Cutter",
                    "Wood Working",
                    "Programing"
                ],
                "description_short": "A traditional Japanese lamp that responds gesturally to weather phenomena.",
                "description_long": "A traditional Japanese lamp that responds gesturally to weather phenomena using an integrated micro controller + Connectivity to remote weather stations. The lamp seeks to explore our relationship with dynamic data, for this instance weather. How much do we really need to know? When is a qualitative understanding of data sufficient? The lamp is also a sort of commentary on the current state of culture in Japan. It is no coincidence that the lamp resembles a tower crane. The lamp bridges the gap between traditional Japanese culture and Japan as a world-leading technological hub. The Lamp is a collaboration between Massart’s graphic design program and MIT’s Architectural Computation department. The following pages detail the CAD models and a bit of the building process for the first of the 3 proposed lamps, this is the smallest desk lamp. Further on there is a glimpse into the program written to aggregate weather sources as well as a web-interface designed to program + control the lamp.",
                "description_long_1": "A traditional Japanese lamp that responds gesturally to weather phenomena using an integrated micro controller + Connectivity to remote weather stations. The lamp seeks to explore our relationship with dynamic data, for this instance weather. How much do we really need to know? When is a qualitative understanding of data sufficient? The lamp is also a sort of commentary on the current state of culture in Japan.",
                "description_long_2": "A traditional Japanese lamp that responds gesturally to weather phenomena using an integrated micro controller + Connectivity to remote weather stations. The lamp seeks to explore our relationship with dynamic data, for this instance weather. How much do we really need to know?",
                "pull_quotes": [
                    " The lamp seeks to explore our relationship with dynamic data, for this instance weather.",
                    "This is the second big quote",
                    "This is the third big quote"
                ],
                "meta" : {
                    "Client" : "Self (MIT)",
                    "Year" : 2015,
                    "Role" : "Designer / Developer",
                    "Team" : "N/A",
                    "Discipline" : "Fabrication / Industrial Design",
                    "Medium" : "Internet of Things / Wood",
                    "Technologies" : "Arduino / Woodshop",
                    "Duration" : "Two Months"
                },
                "hero": "images/crystal-8.jpg",
                "cut": "images/lamp-Out.png",
                "images": [
                    {
                        "name": "hero",
                        "src": "images/crystal-8.jpg",
                        "src-sm": "images/lamp-sm-0.jpg",
                        "caption": "Side view of Gestural Lamp. "
                    },
                    {
                        "name": "support_1",
                        "src": "images/crystal-8.jpg",
                        "src-sm": "Images/Sun-sm.png",
                        "caption": " "
                    },
                    {
                        "name": "support_2",
                        "src": "images/crystal-8.jpg",
                        "src-sm": "Images/Sun-sm.png",
                        "caption": " "
                    },
                    {
                        "name": "support_3",
                        "src": "images/crystal-8.jpg",
                        "src-sm": "Images/Sun-sm.png",
                        "caption": " "
                    },
                    {
                        "name": "support_4",
                        "src": "images/crystal-8.jpg",
                        "src-sm": "Images/Sun-sm.png",
                        "caption": " "
                    },
                    {
                        "name": "support_5",
                        "src": "images/crystal-8.jpg",
                        "src-sm": "Images/Sun-sm.png",
                        "caption": " "
                    }
                ]
            },
            {
                "route" :"eyewire",
                "preview" :"eyewire-preview",
                "project" :"eyewire-project",
                "name"  : "Eyewire",
                "year"  : "2014",
                "medium": [
                    "Paper",
                    "Wood",
                    "Arduino"
                ],
                "technique": [
                    "Laser Cutter",
                    "Wood Working",
                    "Programing"
                ],
                "description_short": "A traditional Japanese lamp that responds gesturally to weather phenomena.",
                "description_long": "A traditional Japanese lamp that responds gesturally to weather phenomena using an integrated micro controller + Connectivity to remote weather stations. The lamp seeks to explore our relationship with dynamic data, for this instance weather. How much do we really need to know? When is a qualitative understanding of data sufficient? The lamp is also a sort of commentary on the current state of culture in Japan. It is no coincidence that the lamp resembles a tower crane. The lamp bridges the gap between traditional Japanese culture and Japan as a world-leading technological hub. The Lamp is a collaboration between Massart’s graphic design program and MIT’s Architectural Computation department. The following pages detail the CAD models and a bit of the building process for the first of the 3 proposed lamps, this is the smallest desk lamp. Further on there is a glimpse into the program written to aggregate weather sources as well as a web-interface designed to program + control the lamp.",
                "description_long_1": "A traditional Japanese lamp that responds gesturally to weather phenomena using an integrated micro controller + Connectivity to remote weather stations. The lamp seeks to explore our relationship with dynamic data, for this instance weather. How much do we really need to know? When is a qualitative understanding of data sufficient? The lamp is also a sort of commentary on the current state of culture in Japan.",
                "description_long_2": "A traditional Japanese lamp that responds gesturally to weather phenomena using an integrated micro controller + Connectivity to remote weather stations. The lamp seeks to explore our relationship with dynamic data, for this instance weather. How much do we really need to know?",
                "pull_quotes": [
                    " The lamp seeks to explore our relationship with dynamic data, for this instance weather.",
                    "This is the second big quote",
                    "This is the third big quote"
                ],
                "meta" : {
                    "Client" : "Self (MIT)",
                    "Year" : 2015,
                    "Role" : "Designer / Developer",
                    "Team" : "N/A",
                    "Discipline" : "Fabrication / Industrial Design",
                    "Medium" : "Internet of Things / Wood",
                    "Technologies" : "Arduino / Woodshop",
                    "Duration" : "Two Months"
                },
                "hero": "images/crystal-8.jpg",
                "cut": "images/lamp-Out.png",
                "images": [
                    {
                        "name": "hero",
                        "src": "images/crystal-8.jpg",
                        "src-sm": "images/lamp-sm-0.jpg",
                        "caption": "Side view of Gestural Lamp. "
                    },
                    {
                        "name": "support_1",
                        "src": "images/crystal-8.jpg",
                        "src-sm": "Images/Sun-sm.png",
                        "caption": " "
                    },
                    {
                        "name": "support_2",
                        "src": "images/crystal-8.jpg",
                        "src-sm": "Images/Sun-sm.png",
                        "caption": " "
                    },
                    {
                        "name": "support_3",
                        "src": "images/crystal-8.jpg",
                        "src-sm": "Images/Sun-sm.png",
                        "caption": " "
                    },
                    {
                        "name": "support_4",
                        "src": "images/crystal-8.jpg",
                        "src-sm": "Images/Sun-sm.png",
                        "caption": " "
                    },
                    {
                        "name": "support_5",
                        "src": "images/crystal-8.jpg",
                        "src-sm": "Images/Sun-sm.png",
                        "caption": " "
                    }
                ]
            },
            {
                "route" :"convolve",
                "preview" :"convolve-preview",
                "project" :"convolve-project",
                "name"  : "Convolve",
                "year"  : "2014",
                "medium": [
                    "Paper",
                    "Wood",
                    "Arduino"
                ],
                "technique": [
                    "Laser Cutter",
                    "Wood Working",
                    "Programing"
                ],
                "description_short": "A traditional Japanese lamp that responds gesturally to weather phenomena.",
                "description_long": "A traditional Japanese lamp that responds gesturally to weather phenomena using an integrated micro controller + Connectivity to remote weather stations. The lamp seeks to explore our relationship with dynamic data, for this instance weather. How much do we really need to know? When is a qualitative understanding of data sufficient? The lamp is also a sort of commentary on the current state of culture in Japan. It is no coincidence that the lamp resembles a tower crane. The lamp bridges the gap between traditional Japanese culture and Japan as a world-leading technological hub. The Lamp is a collaboration between Massart’s graphic design program and MIT’s Architectural Computation department. The following pages detail the CAD models and a bit of the building process for the first of the 3 proposed lamps, this is the smallest desk lamp. Further on there is a glimpse into the program written to aggregate weather sources as well as a web-interface designed to program + control the lamp.",
                "description_long_1": "A traditional Japanese lamp that responds gesturally to weather phenomena using an integrated micro controller + Connectivity to remote weather stations. The lamp seeks to explore our relationship with dynamic data, for this instance weather. How much do we really need to know? When is a qualitative understanding of data sufficient? The lamp is also a sort of commentary on the current state of culture in Japan.",
                "description_long_2": "A traditional Japanese lamp that responds gesturally to weather phenomena using an integrated micro controller + Connectivity to remote weather stations. The lamp seeks to explore our relationship with dynamic data, for this instance weather. How much do we really need to know?",
                "pull_quotes": [
                    " The lamp seeks to explore our relationship with dynamic data, for this instance weather.",
                    "This is the second big quote",
                    "This is the third big quote"
                ],
                "meta" : {
                    "Client" : "Self (MIT)",
                    "Year" : 2015,
                    "Role" : "Designer / Developer",
                    "Team" : "N/A",
                    "Discipline" : "Fabrication / Industrial Design",
                    "Medium" : "Internet of Things / Wood",
                    "Technologies" : "Arduino / Woodshop",
                    "Duration" : "Two Months"
                },
                "hero": "images/crystal-8.jpg",
                "cut": "images/lamp-Out.png",
                "images": [
                    {
                        "name": "hero",
                        "src": "images/crystal-8.jpg",
                        "src-sm": "images/lamp-sm-0.jpg",
                        "caption": "Side view of Gestural Lamp. "
                    },
                    {
                        "name": "support_1",
                        "src": "images/crystal-8.jpg",
                        "src-sm": "Images/Sun-sm.png",
                        "caption": " "
                    },
                    {
                        "name": "support_2",
                        "src": "images/crystal-8.jpg",
                        "src-sm": "Images/Sun-sm.png",
                        "caption": " "
                    },
                    {
                        "name": "support_3",
                        "src": "images/crystal-8.jpg",
                        "src-sm": "Images/Sun-sm.png",
                        "caption": " "
                    },
                    {
                        "name": "support_4",
                        "src": "images/crystal-8.jpg",
                        "src-sm": "Images/Sun-sm.png",
                        "caption": " "
                    },
                    {
                        "name": "support_5",
                        "src": "images/crystal-8.jpg",
                        "src-sm": "Images/Sun-sm.png",
                        "caption": " "
                    }
                ]
            },
            {
                "route" :"dig",
                "preview" :"dig-preview",
                "project" :"dig-project",
                "name"  : "DiG",
                "year"  : "2014",
                "medium": [
                    "Paper",
                    "Wood",
                    "Arduino"
                ],
                "technique": [
                    "Laser Cutter",
                    "Wood Working",
                    "Programing"
                ],
                "description_short": "A traditional Japanese lamp that responds gesturally to weather phenomena.",
                "description_long": "A traditional Japanese lamp that responds gesturally to weather phenomena using an integrated micro controller + Connectivity to remote weather stations. The lamp seeks to explore our relationship with dynamic data, for this instance weather. How much do we really need to know? When is a qualitative understanding of data sufficient? The lamp is also a sort of commentary on the current state of culture in Japan. It is no coincidence that the lamp resembles a tower crane. The lamp bridges the gap between traditional Japanese culture and Japan as a world-leading technological hub. The Lamp is a collaboration between Massart’s graphic design program and MIT’s Architectural Computation department. The following pages detail the CAD models and a bit of the building process for the first of the 3 proposed lamps, this is the smallest desk lamp. Further on there is a glimpse into the program written to aggregate weather sources as well as a web-interface designed to program + control the lamp.",
                "description_long_1": "A traditional Japanese lamp that responds gesturally to weather phenomena using an integrated micro controller + Connectivity to remote weather stations. The lamp seeks to explore our relationship with dynamic data, for this instance weather. How much do we really need to know? When is a qualitative understanding of data sufficient? The lamp is also a sort of commentary on the current state of culture in Japan.",
                "description_long_2": "A traditional Japanese lamp that responds gesturally to weather phenomena using an integrated micro controller + Connectivity to remote weather stations. The lamp seeks to explore our relationship with dynamic data, for this instance weather. How much do we really need to know?",
                "pull_quotes": [
                    " The lamp seeks to explore our relationship with dynamic data, for this instance weather.",
                    "This is the second big quote",
                    "This is the third big quote"
                ],
                "meta" : {
                    "Client" : "Self (MIT)",
                    "Year" : 2015,
                    "Role" : "Designer / Developer",
                    "Team" : "N/A",
                    "Discipline" : "Fabrication / Industrial Design",
                    "Medium" : "Internet of Things / Wood",
                    "Technologies" : "Arduino / Woodshop",
                    "Duration" : "Two Months"
                },
                "hero": "images/crystal-8.jpg",
                "cut": "images/lamp-Out.png",
                "images": [
                    {
                        "name": "hero",
                        "src": "images/crystal-8.jpg",
                        "src-sm": "images/lamp-sm-0.jpg",
                        "caption": "Side view of Gestural Lamp. "
                    },
                    {
                        "name": "support_1",
                        "src": "images/crystal-8.jpg",
                        "src-sm": "Images/Sun-sm.png",
                        "caption": " "
                    },
                    {
                        "name": "support_2",
                        "src": "images/crystal-8.jpg",
                        "src-sm": "Images/Sun-sm.png",
                        "caption": " "
                    },
                    {
                        "name": "support_3",
                        "src": "images/crystal-8.jpg",
                        "src-sm": "Images/Sun-sm.png",
                        "caption": " "
                    },
                    {
                        "name": "support_4",
                        "src": "images/crystal-8.jpg",
                        "src-sm": "Images/Sun-sm.png",
                        "caption": " "
                    },
                    {
                        "name": "support_5",
                        "src": "images/crystal-8.jpg",
                        "src-sm": "Images/Sun-sm.png",
                        "caption": " "
                    }
                ]
            },
            {
                "route" :"muwu",
                "preview" :"muwu-preview",
                "project" :"muwu-project",
                "name"  : "MuWu",
                "year"  : "2014",
                "medium": [
                    "Paper",
                    "Wood",
                    "Arduino"
                ],
                "technique": [
                    "Laser Cutter",
                    "Wood Working",
                    "Programing"
                ],
                "description_short": "A traditional Japanese lamp that responds gesturally to weather phenomena.",
                "description_long": "A traditional Japanese lamp that responds gesturally to weather phenomena using an integrated micro controller + Connectivity to remote weather stations. The lamp seeks to explore our relationship with dynamic data, for this instance weather. How much do we really need to know? When is a qualitative understanding of data sufficient? The lamp is also a sort of commentary on the current state of culture in Japan. It is no coincidence that the lamp resembles a tower crane. The lamp bridges the gap between traditional Japanese culture and Japan as a world-leading technological hub. The Lamp is a collaboration between Massart’s graphic design program and MIT’s Architectural Computation department. The following pages detail the CAD models and a bit of the building process for the first of the 3 proposed lamps, this is the smallest desk lamp. Further on there is a glimpse into the program written to aggregate weather sources as well as a web-interface designed to program + control the lamp.",
                "description_long_1": "A traditional Japanese lamp that responds gesturally to weather phenomena using an integrated micro controller + Connectivity to remote weather stations. The lamp seeks to explore our relationship with dynamic data, for this instance weather. How much do we really need to know? When is a qualitative understanding of data sufficient? The lamp is also a sort of commentary on the current state of culture in Japan.",
                "description_long_2": "A traditional Japanese lamp that responds gesturally to weather phenomena using an integrated micro controller + Connectivity to remote weather stations. The lamp seeks to explore our relationship with dynamic data, for this instance weather. How much do we really need to know?",
                "pull_quotes": [
                    " The lamp seeks to explore our relationship with dynamic data, for this instance weather.",
                    "This is the second big quote",
                    "This is the third big quote"
                ],
                "meta" : {
                    "Client" : "Self (MIT)",
                    "Year" : 2015,
                    "Role" : "Designer / Developer",
                    "Team" : "N/A",
                    "Discipline" : "Fabrication / Industrial Design",
                    "Medium" : "Internet of Things / Wood",
                    "Technologies" : "Arduino / Woodshop",
                    "Duration" : "Two Months"
                },
                "hero": "images/crystal-8.jpg",
                "cut": "images/lamp-Out.png",
                "images": [
                    {
                        "name": "hero",
                        "src": "images/crystal-8.jpg",
                        "src-sm": "images/lamp-sm-0.jpg",
                        "caption": "Side view of Gestural Lamp. "
                    },
                    {
                        "name": "support_1",
                        "src": "images/crystal-8.jpg",
                        "src-sm": "Images/Sun-sm.png",
                        "caption": " "
                    },
                    {
                        "name": "support_2",
                        "src": "images/crystal-8.jpg",
                        "src-sm": "Images/Sun-sm.png",
                        "caption": " "
                    },
                    {
                        "name": "support_3",
                        "src": "images/crystal-8.jpg",
                        "src-sm": "Images/Sun-sm.png",
                        "caption": " "
                    },
                    {
                        "name": "support_4",
                        "src": "images/crystal-8.jpg",
                        "src-sm": "Images/Sun-sm.png",
                        "caption": " "
                    },
                    {
                        "name": "support_5",
                        "src": "images/crystal-8.jpg",
                        "src-sm": "Images/Sun-sm.png",
                        "caption": " "
                    }
                ]
            },
            {
                "route" :"das",
                "preview" :"das-preview",
                "project" :"das-project",
                "name"  : "DAS",
                "year"  : "2014",
                "medium": [
                    "Paper",
                    "Wood",
                    "Arduino"
                ],
                "technique": [
                    "Laser Cutter",
                    "Wood Working",
                    "Programing"
                ],
                "description_short": "A traditional Japanese lamp that responds gesturally to weather phenomena.",
                "description_long": "A traditional Japanese lamp that responds gesturally to weather phenomena using an integrated micro controller + Connectivity to remote weather stations. The lamp seeks to explore our relationship with dynamic data, for this instance weather. How much do we really need to know? When is a qualitative understanding of data sufficient? The lamp is also a sort of commentary on the current state of culture in Japan. It is no coincidence that the lamp resembles a tower crane. The lamp bridges the gap between traditional Japanese culture and Japan as a world-leading technological hub. The Lamp is a collaboration between Massart’s graphic design program and MIT’s Architectural Computation department. The following pages detail the CAD models and a bit of the building process for the first of the 3 proposed lamps, this is the smallest desk lamp. Further on there is a glimpse into the program written to aggregate weather sources as well as a web-interface designed to program + control the lamp.",
                "description_long_1": "A traditional Japanese lamp that responds gesturally to weather phenomena using an integrated micro controller + Connectivity to remote weather stations. The lamp seeks to explore our relationship with dynamic data, for this instance weather. How much do we really need to know? When is a qualitative understanding of data sufficient? The lamp is also a sort of commentary on the current state of culture in Japan.",
                "description_long_2": "A traditional Japanese lamp that responds gesturally to weather phenomena using an integrated micro controller + Connectivity to remote weather stations. The lamp seeks to explore our relationship with dynamic data, for this instance weather. How much do we really need to know?",
                "pull_quotes": [
                    " The lamp seeks to explore our relationship with dynamic data, for this instance weather.",
                    "This is the second big quote",
                    "This is the third big quote"
                ],
                "meta" : {
                    "Client" : "Self (MIT)",
                    "Year" : 2015,
                    "Role" : "Designer / Developer",
                    "Team" : "N/A",
                    "Discipline" : "Fabrication / Industrial Design",
                    "Medium" : "Internet of Things / Wood",
                    "Technologies" : "Arduino / Woodshop",
                    "Duration" : "Two Months"
                },
                "hero": "images/crystal-8.jpg",
                "cut": "images/lamp-Out.png",
                "images": [
                    {
                        "name": "hero",
                        "src": "images/crystal-8.jpg",
                        "src-sm": "images/lamp-sm-0.jpg",
                        "caption": "Side view of Gestural Lamp. "
                    },
                    {
                        "name": "support_1",
                        "src": "images/crystal-8.jpg",
                        "src-sm": "Images/Sun-sm.png",
                        "caption": " "
                    },
                    {
                        "name": "support_2",
                        "src": "images/crystal-8.jpg",
                        "src-sm": "Images/Sun-sm.png",
                        "caption": " "
                    },
                    {
                        "name": "support_3",
                        "src": "images/crystal-8.jpg",
                        "src-sm": "Images/Sun-sm.png",
                        "caption": " "
                    },
                    {
                        "name": "support_4",
                        "src": "images/crystal-8.jpg",
                        "src-sm": "Images/Sun-sm.png",
                        "caption": " "
                    },
                    {
                        "name": "support_5",
                        "src": "images/crystal-8.jpg",
                        "src-sm": "Images/Sun-sm.png",
                        "caption": " "
                    }
                ]
            },
            {
                "route" :"olympics",
                "preview" :"olympics-preview",
                "project" :"olympics-project",
                "name"  : "Olympics",
                "year"  : "2014",
                "medium": [
                    "Paper",
                    "Wood",
                    "Arduino"
                ],
                "technique": [
                    "Laser Cutter",
                    "Wood Working",
                    "Programing"
                ],
                "description_short": "A traditional Japanese lamp that responds gesturally to weather phenomena.",
                "description_long": "A traditional Japanese lamp that responds gesturally to weather phenomena using an integrated micro controller + Connectivity to remote weather stations. The lamp seeks to explore our relationship with dynamic data, for this instance weather. How much do we really need to know? When is a qualitative understanding of data sufficient? The lamp is also a sort of commentary on the current state of culture in Japan. It is no coincidence that the lamp resembles a tower crane. The lamp bridges the gap between traditional Japanese culture and Japan as a world-leading technological hub. The Lamp is a collaboration between Massart’s graphic design program and MIT’s Architectural Computation department. The following pages detail the CAD models and a bit of the building process for the first of the 3 proposed lamps, this is the smallest desk lamp. Further on there is a glimpse into the program written to aggregate weather sources as well as a web-interface designed to program + control the lamp.",
                "description_long_1": "A traditional Japanese lamp that responds gesturally to weather phenomena using an integrated micro controller + Connectivity to remote weather stations. The lamp seeks to explore our relationship with dynamic data, for this instance weather. How much do we really need to know? When is a qualitative understanding of data sufficient? The lamp is also a sort of commentary on the current state of culture in Japan.",
                "description_long_2": "A traditional Japanese lamp that responds gesturally to weather phenomena using an integrated micro controller + Connectivity to remote weather stations. The lamp seeks to explore our relationship with dynamic data, for this instance weather. How much do we really need to know?",
                "pull_quotes": [
                    " The lamp seeks to explore our relationship with dynamic data, for this instance weather.",
                    "This is the second big quote",
                    "This is the third big quote"
                ],
                "meta" : {
                    "Client" : "Self (MIT)",
                    "Year" : 2015,
                    "Role" : "Designer / Developer",
                    "Team" : "N/A",
                    "Discipline" : "Fabrication / Industrial Design",
                    "Medium" : "Internet of Things / Wood",
                    "Technologies" : "Arduino / Woodshop",
                    "Duration" : "Two Months"
                },
                "hero": "images/crystal-8.jpg",
                "cut": "images/lamp-Out.png",
                "images": [
                    {
                        "name": "hero",
                        "src": "images/crystal-8.jpg",
                        "src-sm": "images/lamp-sm-0.jpg",
                        "caption": "Side view of Gestural Lamp. "
                    },
                    {
                        "name": "support_1",
                        "src": "images/crystal-8.jpg",
                        "src-sm": "Images/Sun-sm.png",
                        "caption": " "
                    },
                    {
                        "name": "support_2",
                        "src": "images/crystal-8.jpg",
                        "src-sm": "Images/Sun-sm.png",
                        "caption": " "
                    },
                    {
                        "name": "support_3",
                        "src": "images/crystal-8.jpg",
                        "src-sm": "Images/Sun-sm.png",
                        "caption": " "
                    },
                    {
                        "name": "support_4",
                        "src": "images/crystal-8.jpg",
                        "src-sm": "Images/Sun-sm.png",
                        "caption": " "
                    },
                    {
                        "name": "support_5",
                        "src": "images/crystal-8.jpg",
                        "src-sm": "Images/Sun-sm.png",
                        "caption": " "
                    }
                ]
            },
            {
                "route" :"dig",
                "preview" :"dig-preview",
                "project" :"dig-project",
                "name"  : "More1",
                "year"  : "2014",
                "medium": [
                    "Paper",
                    "Wood",
                    "Arduino"
                ],
                "technique": [
                    "Laser Cutter",
                    "Wood Working",
                    "Programing"
                ],
                "description_short": "A traditional Japanese lamp that responds gesturally to weather phenomena.",
                "description_long": "A traditional Japanese lamp that responds gesturally to weather phenomena using an integrated micro controller + Connectivity to remote weather stations. The lamp seeks to explore our relationship with dynamic data, for this instance weather. How much do we really need to know? When is a qualitative understanding of data sufficient? The lamp is also a sort of commentary on the current state of culture in Japan. It is no coincidence that the lamp resembles a tower crane. The lamp bridges the gap between traditional Japanese culture and Japan as a world-leading technological hub. The Lamp is a collaboration between Massart’s graphic design program and MIT’s Architectural Computation department. The following pages detail the CAD models and a bit of the building process for the first of the 3 proposed lamps, this is the smallest desk lamp. Further on there is a glimpse into the program written to aggregate weather sources as well as a web-interface designed to program + control the lamp.",
                "description_long_1": "A traditional Japanese lamp that responds gesturally to weather phenomena using an integrated micro controller + Connectivity to remote weather stations. The lamp seeks to explore our relationship with dynamic data, for this instance weather. How much do we really need to know? When is a qualitative understanding of data sufficient? The lamp is also a sort of commentary on the current state of culture in Japan.",
                "description_long_2": "A traditional Japanese lamp that responds gesturally to weather phenomena using an integrated micro controller + Connectivity to remote weather stations. The lamp seeks to explore our relationship with dynamic data, for this instance weather. How much do we really need to know?",
                "pull_quotes": [
                    " The lamp seeks to explore our relationship with dynamic data, for this instance weather.",
                    "This is the second big quote",
                    "This is the third big quote"
                ],
                "meta" : {
                    "Client" : "Self (MIT)",
                    "Year" : 2015,
                    "Role" : "Designer / Developer",
                    "Team" : "N/A",
                    "Discipline" : "Fabrication / Industrial Design",
                    "Medium" : "Internet of Things / Wood",
                    "Technologies" : "Arduino / Woodshop",
                    "Duration" : "Two Months"
                },
                "hero": "images/crystal-8.jpg",
                "cut": "images/lamp-Out.png",
                "images": [
                    {
                        "name": "hero",
                        "src": "images/crystal-8.jpg",
                        "src-sm": "images/lamp-sm-0.jpg",
                        "caption": "Side view of Gestural Lamp. "
                    },
                    {
                        "name": "support_1",
                        "src": "images/crystal-8.jpg",
                        "src-sm": "Images/Sun-sm.png",
                        "caption": " "
                    },
                    {
                        "name": "support_2",
                        "src": "images/crystal-8.jpg",
                        "src-sm": "Images/Sun-sm.png",
                        "caption": " "
                    },
                    {
                        "name": "support_3",
                        "src": "images/crystal-8.jpg",
                        "src-sm": "Images/Sun-sm.png",
                        "caption": " "
                    },
                    {
                        "name": "support_4",
                        "src": "images/crystal-8.jpg",
                        "src-sm": "Images/Sun-sm.png",
                        "caption": " "
                    },
                    {
                        "name": "support_5",
                        "src": "images/crystal-8.jpg",
                        "src-sm": "Images/Sun-sm.png",
                        "caption": " "
                    }
                ]
            }
        ]
    },
    "bios_text": {
        "title": "Designer | Researcher <br> Creative Coder",
        "description_pull": "Design at the intersection of people and technology, weaving lessons from natural systems into creative solutions and computational models.",
        "description_short": "Alex is a designer and researcher currently at Eyewire. Driven by a passion for innovation and cross disciplinary collaboration, he sees the world through the lens of design. His work focuses on the intersection of people and technology, weaving lessons from natural systems into creative solutions, delightful interactions, and computational models.",
        "description_long" : "<br>Having split his undergraduate years between MassArt and MIT Media Lab, he ocuppies the cross-disciplinary space between the physical and the digital, data and expression; a radical atom if you will. He loves setting beautiful typography, the careful design of information, generative physics, and crafting delightful interactive narrative experiences across devices and platforms.<br><br>By harnessing the power of advanced 3D graphics and VR technology, Alex is able to communicate the impact of complex scientific findings to the public.<br><br>Alex’s visualizations have been featured at TED, Tribeca Film Festival, and in Times Square NYC. His renderings have appeared in Wired magazine, the New York Times, and Nature scientific journal.<br><br>When not designing, Alex can be found in search of the perfect breeze, windsurfing or sailing off the coast of Cape Cod.<br><br><a target='_blank'>Résumé</a>",
        "link_1": "bios",
        "link_2": "resume",
        "link_3": "works"
    },
    "feature": [
        {
            "feature": "MIT Media Lab",
            "project": "BrainVR",
            "logo": "images/media-lab-logo.png",
            "project-thum": "images/lamp-sm-0.jpg",
            "caption": "Side view of Gestural Lamp."
        },
        {
            "feature": "MIT",
            "project": "Eyewire",
            "logo": "images/mit-logo.png",
            "project-thum": "images/lamp-sm-0.jpg",
            "caption": "Side view of Gestural Lamp."
        },
        {
            "feature": "TED",
            "project": "Neurons & Space",
            "logo": "images/ted-logo.png",
            "project-thum": "images/lamp-sm-0.jpg",
            "caption": "Side view of Gestural Lamp."
        },
        {
            "feature": "Wired",
            "project": "Eyewire",
            "logo": "images/wired-logo.png",
            "project-thum": "images/lamp-sm-0.jpg",
            "caption": "Side view of Gestural Lamp."
        },
        {
            "feature": "NY Times",
            "project": "Eyewire",
            "logo": "images/nytimes-logo.png",
            "project-thum": "images/lamp-sm-0.jpg",
            "caption": "Side view of Gestural Lamp."
        },
        {
            "feature": "Nature",
            "project": "Eyewire",
            "logo": "images/nature-logo.png",
            "project-thum": "images/lamp-sm-0.jpg",
            "caption": "Side view of Gestural Lamp."
        },
        {
            "feature": "FastCo Design",
            "project": "Neurons & Space",
            "logo": "images/fastco-design-logo.png",
            "project-thum": "images/lamp-sm-0.jpg",
            "caption": "Side view of Gestural Lamp."
        },
        {
            "feature": "Times Square Arts Allience",
            "project": "Scales of Complexity",
            "logo": "images/times-square-logo.png",
            "project-thum": "images/lamp-sm-0.jpg",
            "caption": "Side view of Gestural Lamp."
        },
        {
            "feature": "Tribeca Film Festival",
            "project": "BrainVR",
            "logo": "images/tribeca-logo.png",
            "project-thum": "images/lamp-sm-0.jpg",
            "caption": "Side view of Gestural Lamp."
        },
        {
            "feature": "TEDx",
            "project": "A Game to Map the Brain",
            "logo": "images/tedx-logo.png",
            "project-thum": "images/tedx-logo.png",
            "caption": "Side view of Gestural Lamp."
        },
        {
            "feature": "Fast Company",
            "project": "Eyewire",
            "logo": "images/fastco-logo.png",
            "project-thum": "images/fastco-logo.png",
            "caption": "Side view of Gestural Lamp."
        },
        {
            "feature": "Forbes",
            "project": "BrainVR",
            "logo": "images/forbes-logo.png",
            "project-thum": "images/lamp-sm-0.jpg",
            "caption": "Side view of Gestural Lamp."
        }
    ],
    "contact": {
        "shout_out": "Interested in working together or simply meeting up?",
        "shout_out_sub": "I love sharing adventures, discovering new design, and nerding out on emerging technology—especially machine learning.",
        "cta": "Let's Talk.",
        "email": "alexnortn[at]gmail.com",
        "phone": "774 744 1179",
        "copywrite": "&#169 2016 Alex Norton"
    },
    "welcome_text": {
        "greeting_text": "I'm Alex Norton",
        "discipline_text": "designer, researcher, <br> creative coder",
        "greeting_morning": "Good Morning, ",
        "greeting_afternoon": "Good Afternoon, ",
        "greeting_evening": "Good Evening, "
    }
}