{
    "projects": {
        "case_studies" : [
            {
                "route" :"brainvr-cs",
                "name"  : "BrainVR",
                "project_type"  : "Case Study",
                "year"  : "2014",
                "medium": [
                    "Paper",
                    "Wood",
                    "Arduino"
                ],
                "technique": [
                    "Laser Cutter",
                    "Wood Working",
                    "Programing"
                ],
                "description_short": "Leverage emerging Virtual Reality (VR) technology to explore the brain in new dimensions.",
                "description_long": "A traditional Japanese lamp that responds gesturally to weather phenomena using an integrated micro controller + Connectivity to remote weather stations. The lamp seeks to explore our relationship with dynamic data, for this instance weather. How much do we really need to know? When is a qualitative understanding of data sufficient? The lamp is also a sort of commentary on the current state of culture in Japan. It is no coincidence that the lamp resembles a tower crane. The lamp bridges the gap between traditional Japanese culture and Japan as a world-leading technological hub. The Lamp is a collaboration between Massart’s graphic design program and MIT’s Architectural Computation department. The following pages detail the CAD models and a bit of the building process for the first of the 3 proposed lamps, this is the smallest desk lamp. Further on there is a glimpse into the program written to aggregate weather sources as well as a web-interface designed to program + control the lamp.",
                "description_long_1": "A traditional Japanese lamp that responds gesturally to weather phenomena using an integrated micro controller + Connectivity to remote weather stations. The lamp seeks to explore our relationship with dynamic data, for this instance weather. How much do we really need to know? When is a qualitative understanding of data sufficient? The lamp is also a sort of commentary on the current state of culture in Japan.",
                "description_long_2": "A traditional Japanese lamp that responds gesturally to weather phenomena using an integrated micro controller + Connectivity to remote weather stations. The lamp seeks to explore our relationship with dynamic data, for this instance weather. How much do we really need to know?",
                "pull_quotes": [
                    " The lamp seeks to explore our relationship with dynamic data, for this instance weather.",
                    "This is the second big quote",
                    "This is the third big quote"
                ],
                "meta" : {
                    "Client" : "Self (MIT)",
                    "Year" : 2015,
                    "Role" : "Designer / Developer",
                    "Team" : "—",
                    "Discipline" : "Fabrication / Industrial Design",
                    "Medium" : "Internet of Things / Wood",
                    "Technologies" : "Arduino / Woodshop",
                    "Duration" : "Two Months"
                },
                "hero": "images/crystal-8.jpg",
                "cut": "images/lamp-Out.png",
                "images": [
                    {
                        "name": "hero",
                        "src": "images/crystal-8.jpg",
                        "src-sm": "images/lamp-sm-0.jpg",
                        "caption": "Side view of Gestural Lamp. "
                    },
                    {
                        "name": "support_1",
                        "src": "images/crystal-8.jpg",
                        "src-sm": "Images/Sun-sm.png",
                        "caption": " "
                    },
                    {
                        "name": "support_2",
                        "src": "images/crystal-8.jpg",
                        "src-sm": "Images/Sun-sm.png",
                        "caption": " "
                    },
                    {
                        "name": "support_3",
                        "src": "images/crystal-8.jpg",
                        "src-sm": "Images/Sun-sm.png",
                        "caption": " "
                    },
                    {
                        "name": "support_4",
                        "src": "images/crystal-8.jpg",
                        "src-sm": "Images/Sun-sm.png",
                        "caption": " "
                    },
                    {
                        "name": "support_5",
                        "src": "images/crystal-8.jpg",
                        "src-sm": "Images/Sun-sm.png",
                        "caption": " "
                    }
                ]
            }
        ],
        "select_work" : [
            {
                "route" :"brainvr",
                "preview" :"brainvr-preview",
                "project" :"brainvr-project",
                "name"  : "BrainVr",
                "year"  : "2016",
                "medium": [
                    "Paper",
                    "Wood",
                    "Arduino"
                ],
                "technique": [
                    "Laser Cutter",
                    "Wood Working",
                    "Programing"
                ],
                "description_short": "A traditional Japanese lamp that responds gesturally to weather phenomena.",
                "description_long": "A traditional Japanese lamp that responds gesturally to weather phenomena using an integrated micro controller + Connectivity to remote weather stations. The lamp seeks to explore our relationship with dynamic data, for this instance weather. How much do we really need to know? When is a qualitative understanding of data sufficient? The lamp is also a sort of commentary on the current state of culture in Japan. It is no coincidence that the lamp resembles a tower crane. The lamp bridges the gap between traditional Japanese culture and Japan as a world-leading technological hub. The Lamp is a collaboration between Massart’s graphic design program and MIT’s Architectural Computation department. The following pages detail the CAD models and a bit of the building process for the first of the 3 proposed lamps, this is the smallest desk lamp. Further on there is a glimpse into the program written to aggregate weather sources as well as a web-interface designed to program + control the lamp.",
                "description_long_1": "A traditional Japanese lamp that responds gesturally to weather phenomena using an integrated micro controller + Connectivity to remote weather stations. The lamp seeks to explore our relationship with dynamic data, for this instance weather. How much do we really need to know? When is a qualitative understanding of data sufficient? The lamp is also a sort of commentary on the current state of culture in Japan.",
                "description_long_2": "A traditional Japanese lamp that responds gesturally to weather phenomena using an integrated micro controller + Connectivity to remote weather stations. The lamp seeks to explore our relationship with dynamic data, for this instance weather. How much do we really need to know?",
                "pull_quotes": [
                    " The lamp seeks to explore our relationship with dynamic data, for this instance weather.",
                    "This is the second big quote",
                    "This is the third big quote"
                ],
                "meta" : {
                    "Client" : "Self (MIT)",
                    "Year" : 2015,
                    "Role" : "Designer / Developer",
                    "Team" : "N/A",
                    "Discipline" : "Fabrication / Industrial Design",
                    "Medium" : "Internet of Things / Wood",
                    "Technologies" : "Arduino / Woodshop",
                    "Duration" : "Two Months"
                },
                "hero": "images/crystal-8.jpg",
                "cut": "images/lamp-Out.png",
                "images": [
                    {
                        "name": "hero",
                        "src": "images/crystal-8.jpg",
                        "src-sm": "images/lamp-sm-0.jpg",
                        "caption": "Side view of Gestural Lamp. "
                    },
                    {
                        "name": "support_1",
                        "src": "images/crystal-8.jpg",
                        "src-sm": "Images/Sun-sm.png",
                        "caption": " "
                    },
                    {
                        "name": "support_2",
                        "src": "images/crystal-8.jpg",
                        "src-sm": "Images/Sun-sm.png",
                        "caption": " "
                    },
                    {
                        "name": "support_3",
                        "src": "images/crystal-8.jpg",
                        "src-sm": "Images/Sun-sm.png",
                        "caption": " "
                    },
                    {
                        "name": "support_4",
                        "src": "images/crystal-8.jpg",
                        "src-sm": "Images/Sun-sm.png",
                        "caption": " "
                    },
                    {
                        "name": "support_5",
                        "src": "images/crystal-8.jpg",
                        "src-sm": "Images/Sun-sm.png",
                        "caption": " "
                    }
                ]
            },
            {
                "route" :"eyewire",
                "preview" :"eyewire-preview",
                "project" :"eyewire-project",
                "name"  : "Eyewire",
                "year"  : "2014",
                "medium": [
                    "Paper",
                    "Wood",
                    "Arduino"
                ],
                "technique": [
                    "Laser Cutter",
                    "Wood Working",
                    "Programing"
                ],
                "description_short": "A traditional Japanese lamp that responds gesturally to weather phenomena.",
                "description_long": "A traditional Japanese lamp that responds gesturally to weather phenomena using an integrated micro controller + Connectivity to remote weather stations. The lamp seeks to explore our relationship with dynamic data, for this instance weather. How much do we really need to know? When is a qualitative understanding of data sufficient? The lamp is also a sort of commentary on the current state of culture in Japan. It is no coincidence that the lamp resembles a tower crane. The lamp bridges the gap between traditional Japanese culture and Japan as a world-leading technological hub. The Lamp is a collaboration between Massart’s graphic design program and MIT’s Architectural Computation department. The following pages detail the CAD models and a bit of the building process for the first of the 3 proposed lamps, this is the smallest desk lamp. Further on there is a glimpse into the program written to aggregate weather sources as well as a web-interface designed to program + control the lamp.",
                "description_long_1": "A traditional Japanese lamp that responds gesturally to weather phenomena using an integrated micro controller + Connectivity to remote weather stations. The lamp seeks to explore our relationship with dynamic data, for this instance weather. How much do we really need to know? When is a qualitative understanding of data sufficient? The lamp is also a sort of commentary on the current state of culture in Japan.",
                "description_long_2": "A traditional Japanese lamp that responds gesturally to weather phenomena using an integrated micro controller + Connectivity to remote weather stations. The lamp seeks to explore our relationship with dynamic data, for this instance weather. How much do we really need to know?",
                "pull_quotes": [
                    " The lamp seeks to explore our relationship with dynamic data, for this instance weather.",
                    "This is the second big quote",
                    "This is the third big quote"
                ],
                "meta" : {
                    "Client" : "Self (MIT)",
                    "Year" : 2015,
                    "Role" : "Designer / Developer",
                    "Team" : "N/A",
                    "Discipline" : "Fabrication / Industrial Design",
                    "Medium" : "Internet of Things / Wood",
                    "Technologies" : "Arduino / Woodshop",
                    "Duration" : "Two Months"
                },
                "hero": "images/crystal-8.jpg",
                "cut": "images/lamp-Out.png",
                "images": [
                    {
                        "name": "hero",
                        "src": "images/crystal-8.jpg",
                        "src-sm": "images/lamp-sm-0.jpg",
                        "caption": "Side view of Gestural Lamp. "
                    },
                    {
                        "name": "support_1",
                        "src": "images/crystal-8.jpg",
                        "src-sm": "Images/Sun-sm.png",
                        "caption": " "
                    },
                    {
                        "name": "support_2",
                        "src": "images/crystal-8.jpg",
                        "src-sm": "Images/Sun-sm.png",
                        "caption": " "
                    },
                    {
                        "name": "support_3",
                        "src": "images/crystal-8.jpg",
                        "src-sm": "Images/Sun-sm.png",
                        "caption": " "
                    },
                    {
                        "name": "support_4",
                        "src": "images/crystal-8.jpg",
                        "src-sm": "Images/Sun-sm.png",
                        "caption": " "
                    },
                    {
                        "name": "support_5",
                        "src": "images/crystal-8.jpg",
                        "src-sm": "Images/Sun-sm.png",
                        "caption": " "
                    }
                ]
            },
            {
                "route" :"convolve",
                "preview" :"convolve-preview",
                "project" :"convolve-project",
                "name"  : "Convolve",
                "year"  : "2014",
                "medium": [
                    "Paper",
                    "Wood",
                    "Arduino"
                ],
                "technique": [
                    "Laser Cutter",
                    "Wood Working",
                    "Programing"
                ],
                "description_short": "A traditional Japanese lamp that responds gesturally to weather phenomena.",
                "description_long": "A traditional Japanese lamp that responds gesturally to weather phenomena using an integrated micro controller + Connectivity to remote weather stations. The lamp seeks to explore our relationship with dynamic data, for this instance weather. How much do we really need to know? When is a qualitative understanding of data sufficient? The lamp is also a sort of commentary on the current state of culture in Japan. It is no coincidence that the lamp resembles a tower crane. The lamp bridges the gap between traditional Japanese culture and Japan as a world-leading technological hub. The Lamp is a collaboration between Massart’s graphic design program and MIT’s Architectural Computation department. The following pages detail the CAD models and a bit of the building process for the first of the 3 proposed lamps, this is the smallest desk lamp. Further on there is a glimpse into the program written to aggregate weather sources as well as a web-interface designed to program + control the lamp.",
                "description_long_1": "A traditional Japanese lamp that responds gesturally to weather phenomena using an integrated micro controller + Connectivity to remote weather stations. The lamp seeks to explore our relationship with dynamic data, for this instance weather. How much do we really need to know? When is a qualitative understanding of data sufficient? The lamp is also a sort of commentary on the current state of culture in Japan.",
                "description_long_2": "A traditional Japanese lamp that responds gesturally to weather phenomena using an integrated micro controller + Connectivity to remote weather stations. The lamp seeks to explore our relationship with dynamic data, for this instance weather. How much do we really need to know?",
                "pull_quotes": [
                    " The lamp seeks to explore our relationship with dynamic data, for this instance weather.",
                    "This is the second big quote",
                    "This is the third big quote"
                ],
                "meta" : {
                    "Client" : "Self (MIT)",
                    "Year" : 2015,
                    "Role" : "Designer / Developer",
                    "Team" : "N/A",
                    "Discipline" : "Fabrication / Industrial Design",
                    "Medium" : "Internet of Things / Wood",
                    "Technologies" : "Arduino / Woodshop",
                    "Duration" : "Two Months"
                },
                "hero": "images/crystal-8.jpg",
                "cut": "images/lamp-Out.png",
                "images": [
                    {
                        "name": "hero",
                        "src": "images/crystal-8.jpg",
                        "src-sm": "images/lamp-sm-0.jpg",
                        "caption": "Side view of Gestural Lamp. "
                    },
                    {
                        "name": "support_1",
                        "src": "images/crystal-8.jpg",
                        "src-sm": "Images/Sun-sm.png",
                        "caption": " "
                    },
                    {
                        "name": "support_2",
                        "src": "images/crystal-8.jpg",
                        "src-sm": "Images/Sun-sm.png",
                        "caption": " "
                    },
                    {
                        "name": "support_3",
                        "src": "images/crystal-8.jpg",
                        "src-sm": "Images/Sun-sm.png",
                        "caption": " "
                    },
                    {
                        "name": "support_4",
                        "src": "images/crystal-8.jpg",
                        "src-sm": "Images/Sun-sm.png",
                        "caption": " "
                    },
                    {
                        "name": "support_5",
                        "src": "images/crystal-8.jpg",
                        "src-sm": "Images/Sun-sm.png",
                        "caption": " "
                    }
                ]
            },
            {
                "route" :"dig",
                "preview" :"dig-preview",
                "project" :"dig-project",
                "name"  : "DiG",
                "year"  : "2014",
                "medium": [
                    "Paper",
                    "Wood",
                    "Arduino"
                ],
                "technique": [
                    "Laser Cutter",
                    "Wood Working",
                    "Programing"
                ],
                "description_short": "A traditional Japanese lamp that responds gesturally to weather phenomena.",
                "description_long": "A traditional Japanese lamp that responds gesturally to weather phenomena using an integrated micro controller + Connectivity to remote weather stations. The lamp seeks to explore our relationship with dynamic data, for this instance weather. How much do we really need to know? When is a qualitative understanding of data sufficient? The lamp is also a sort of commentary on the current state of culture in Japan. It is no coincidence that the lamp resembles a tower crane. The lamp bridges the gap between traditional Japanese culture and Japan as a world-leading technological hub. The Lamp is a collaboration between Massart’s graphic design program and MIT’s Architectural Computation department. The following pages detail the CAD models and a bit of the building process for the first of the 3 proposed lamps, this is the smallest desk lamp. Further on there is a glimpse into the program written to aggregate weather sources as well as a web-interface designed to program + control the lamp.",
                "description_long_1": "A traditional Japanese lamp that responds gesturally to weather phenomena using an integrated micro controller + Connectivity to remote weather stations. The lamp seeks to explore our relationship with dynamic data, for this instance weather. How much do we really need to know? When is a qualitative understanding of data sufficient? The lamp is also a sort of commentary on the current state of culture in Japan.",
                "description_long_2": "A traditional Japanese lamp that responds gesturally to weather phenomena using an integrated micro controller + Connectivity to remote weather stations. The lamp seeks to explore our relationship with dynamic data, for this instance weather. How much do we really need to know?",
                "pull_quotes": [
                    " The lamp seeks to explore our relationship with dynamic data, for this instance weather.",
                    "This is the second big quote",
                    "This is the third big quote"
                ],
                "meta" : {
                    "Client" : "Self (MIT)",
                    "Year" : 2015,
                    "Role" : "Designer / Developer",
                    "Team" : "N/A",
                    "Discipline" : "Fabrication / Industrial Design",
                    "Medium" : "Internet of Things / Wood",
                    "Technologies" : "Arduino / Woodshop",
                    "Duration" : "Two Months"
                },
                "hero": "images/crystal-8.jpg",
                "cut": "images/lamp-Out.png",
                "images": [
                    {
                        "name": "hero",
                        "src": "images/crystal-8.jpg",
                        "src-sm": "images/lamp-sm-0.jpg",
                        "caption": "Side view of Gestural Lamp. "
                    },
                    {
                        "name": "support_1",
                        "src": "images/crystal-8.jpg",
                        "src-sm": "Images/Sun-sm.png",
                        "caption": " "
                    },
                    {
                        "name": "support_2",
                        "src": "images/crystal-8.jpg",
                        "src-sm": "Images/Sun-sm.png",
                        "caption": " "
                    },
                    {
                        "name": "support_3",
                        "src": "images/crystal-8.jpg",
                        "src-sm": "Images/Sun-sm.png",
                        "caption": " "
                    },
                    {
                        "name": "support_4",
                        "src": "images/crystal-8.jpg",
                        "src-sm": "Images/Sun-sm.png",
                        "caption": " "
                    },
                    {
                        "name": "support_5",
                        "src": "images/crystal-8.jpg",
                        "src-sm": "Images/Sun-sm.png",
                        "caption": " "
                    }
                ]
            },
            {
                "route" :"muwu",
                "preview" :"muwu-preview",
                "project" :"muwu-project",
                "name"  : "MuWu",
                "year"  : "2014",
                "medium": [
                    "Paper",
                    "Wood",
                    "Arduino"
                ],
                "technique": [
                    "Laser Cutter",
                    "Wood Working",
                    "Programing"
                ],
                "description_short": "A traditional Japanese lamp that responds gesturally to weather phenomena.",
                "description_long": "A traditional Japanese lamp that responds gesturally to weather phenomena using an integrated micro controller + Connectivity to remote weather stations. The lamp seeks to explore our relationship with dynamic data, for this instance weather. How much do we really need to know? When is a qualitative understanding of data sufficient? The lamp is also a sort of commentary on the current state of culture in Japan. It is no coincidence that the lamp resembles a tower crane. The lamp bridges the gap between traditional Japanese culture and Japan as a world-leading technological hub. The Lamp is a collaboration between Massart’s graphic design program and MIT’s Architectural Computation department. The following pages detail the CAD models and a bit of the building process for the first of the 3 proposed lamps, this is the smallest desk lamp. Further on there is a glimpse into the program written to aggregate weather sources as well as a web-interface designed to program + control the lamp.",
                "description_long_1": "A traditional Japanese lamp that responds gesturally to weather phenomena using an integrated micro controller + Connectivity to remote weather stations. The lamp seeks to explore our relationship with dynamic data, for this instance weather. How much do we really need to know? When is a qualitative understanding of data sufficient? The lamp is also a sort of commentary on the current state of culture in Japan.",
                "description_long_2": "A traditional Japanese lamp that responds gesturally to weather phenomena using an integrated micro controller + Connectivity to remote weather stations. The lamp seeks to explore our relationship with dynamic data, for this instance weather. How much do we really need to know?",
                "pull_quotes": [
                    " The lamp seeks to explore our relationship with dynamic data, for this instance weather.",
                    "This is the second big quote",
                    "This is the third big quote"
                ],
                "meta" : {
                    "Client" : "Self (MIT)",
                    "Year" : 2015,
                    "Role" : "Designer / Developer",
                    "Team" : "N/A",
                    "Discipline" : "Fabrication / Industrial Design",
                    "Medium" : "Internet of Things / Wood",
                    "Technologies" : "Arduino / Woodshop",
                    "Duration" : "Two Months"
                },
                "hero": "images/crystal-8.jpg",
                "cut": "images/lamp-Out.png",
                "images": [
                    {
                        "name": "hero",
                        "src": "images/crystal-8.jpg",
                        "src-sm": "images/lamp-sm-0.jpg",
                        "caption": "Side view of Gestural Lamp. "
                    },
                    {
                        "name": "support_1",
                        "src": "images/crystal-8.jpg",
                        "src-sm": "Images/Sun-sm.png",
                        "caption": " "
                    },
                    {
                        "name": "support_2",
                        "src": "images/crystal-8.jpg",
                        "src-sm": "Images/Sun-sm.png",
                        "caption": " "
                    },
                    {
                        "name": "support_3",
                        "src": "images/crystal-8.jpg",
                        "src-sm": "Images/Sun-sm.png",
                        "caption": " "
                    },
                    {
                        "name": "support_4",
                        "src": "images/crystal-8.jpg",
                        "src-sm": "Images/Sun-sm.png",
                        "caption": " "
                    },
                    {
                        "name": "support_5",
                        "src": "images/crystal-8.jpg",
                        "src-sm": "Images/Sun-sm.png",
                        "caption": " "
                    }
                ]
            },
            {
                "route" :"das",
                "preview" :"das-preview",
                "project" :"das-project",
                "name"  : "DAS",
                "year"  : "2014",
                "medium": [
                    "Paper",
                    "Wood",
                    "Arduino"
                ],
                "technique": [
                    "Laser Cutter",
                    "Wood Working",
                    "Programing"
                ],
                "description_short": "A traditional Japanese lamp that responds gesturally to weather phenomena.",
                "description_long": "A traditional Japanese lamp that responds gesturally to weather phenomena using an integrated micro controller + Connectivity to remote weather stations. The lamp seeks to explore our relationship with dynamic data, for this instance weather. How much do we really need to know? When is a qualitative understanding of data sufficient? The lamp is also a sort of commentary on the current state of culture in Japan. It is no coincidence that the lamp resembles a tower crane. The lamp bridges the gap between traditional Japanese culture and Japan as a world-leading technological hub. The Lamp is a collaboration between Massart’s graphic design program and MIT’s Architectural Computation department. The following pages detail the CAD models and a bit of the building process for the first of the 3 proposed lamps, this is the smallest desk lamp. Further on there is a glimpse into the program written to aggregate weather sources as well as a web-interface designed to program + control the lamp.",
                "description_long_1": "A traditional Japanese lamp that responds gesturally to weather phenomena using an integrated micro controller + Connectivity to remote weather stations. The lamp seeks to explore our relationship with dynamic data, for this instance weather. How much do we really need to know? When is a qualitative understanding of data sufficient? The lamp is also a sort of commentary on the current state of culture in Japan.",
                "description_long_2": "A traditional Japanese lamp that responds gesturally to weather phenomena using an integrated micro controller + Connectivity to remote weather stations. The lamp seeks to explore our relationship with dynamic data, for this instance weather. How much do we really need to know?",
                "pull_quotes": [
                    " The lamp seeks to explore our relationship with dynamic data, for this instance weather.",
                    "This is the second big quote",
                    "This is the third big quote"
                ],
                "meta" : {
                    "Client" : "Self (MIT)",
                    "Year" : 2015,
                    "Role" : "Designer / Developer",
                    "Team" : "N/A",
                    "Discipline" : "Fabrication / Industrial Design",
                    "Medium" : "Internet of Things / Wood",
                    "Technologies" : "Arduino / Woodshop",
                    "Duration" : "Two Months"
                },
                "hero": "images/crystal-8.jpg",
                "cut": "images/lamp-Out.png",
                "images": [
                    {
                        "name": "hero",
                        "src": "images/crystal-8.jpg",
                        "src-sm": "images/lamp-sm-0.jpg",
                        "caption": "Side view of Gestural Lamp. "
                    },
                    {
                        "name": "support_1",
                        "src": "images/crystal-8.jpg",
                        "src-sm": "Images/Sun-sm.png",
                        "caption": " "
                    },
                    {
                        "name": "support_2",
                        "src": "images/crystal-8.jpg",
                        "src-sm": "Images/Sun-sm.png",
                        "caption": " "
                    },
                    {
                        "name": "support_3",
                        "src": "images/crystal-8.jpg",
                        "src-sm": "Images/Sun-sm.png",
                        "caption": " "
                    },
                    {
                        "name": "support_4",
                        "src": "images/crystal-8.jpg",
                        "src-sm": "Images/Sun-sm.png",
                        "caption": " "
                    },
                    {
                        "name": "support_5",
                        "src": "images/crystal-8.jpg",
                        "src-sm": "Images/Sun-sm.png",
                        "caption": " "
                    }
                ]
            },
            {
                "route" :"olympics",
                "preview" :"olympics-preview",
                "project" :"olympics-project",
                "name"  : "Olympics",
                "year"  : "2014",
                "medium": [
                    "Paper",
                    "Wood",
                    "Arduino"
                ],
                "technique": [
                    "Laser Cutter",
                    "Wood Working",
                    "Programing"
                ],
                "description_short": "A traditional Japanese lamp that responds gesturally to weather phenomena.",
                "description_long": "A traditional Japanese lamp that responds gesturally to weather phenomena using an integrated micro controller + Connectivity to remote weather stations. The lamp seeks to explore our relationship with dynamic data, for this instance weather. How much do we really need to know? When is a qualitative understanding of data sufficient? The lamp is also a sort of commentary on the current state of culture in Japan. It is no coincidence that the lamp resembles a tower crane. The lamp bridges the gap between traditional Japanese culture and Japan as a world-leading technological hub. The Lamp is a collaboration between Massart’s graphic design program and MIT’s Architectural Computation department. The following pages detail the CAD models and a bit of the building process for the first of the 3 proposed lamps, this is the smallest desk lamp. Further on there is a glimpse into the program written to aggregate weather sources as well as a web-interface designed to program + control the lamp.",
                "description_long_1": "A traditional Japanese lamp that responds gesturally to weather phenomena using an integrated micro controller + Connectivity to remote weather stations. The lamp seeks to explore our relationship with dynamic data, for this instance weather. How much do we really need to know? When is a qualitative understanding of data sufficient? The lamp is also a sort of commentary on the current state of culture in Japan.",
                "description_long_2": "A traditional Japanese lamp that responds gesturally to weather phenomena using an integrated micro controller + Connectivity to remote weather stations. The lamp seeks to explore our relationship with dynamic data, for this instance weather. How much do we really need to know?",
                "pull_quotes": [
                    " The lamp seeks to explore our relationship with dynamic data, for this instance weather.",
                    "This is the second big quote",
                    "This is the third big quote"
                ],
                "meta" : {
                    "Client" : "Self (MIT)",
                    "Year" : 2015,
                    "Role" : "Designer / Developer",
                    "Team" : "N/A",
                    "Discipline" : "Fabrication / Industrial Design",
                    "Medium" : "Internet of Things / Wood",
                    "Technologies" : "Arduino / Woodshop",
                    "Duration" : "Two Months"
                },
                "hero": "images/crystal-8.jpg",
                "cut": "images/lamp-Out.png",
                "images": [
                    {
                        "name": "hero",
                        "src": "images/crystal-8.jpg",
                        "src-sm": "images/lamp-sm-0.jpg",
                        "caption": "Side view of Gestural Lamp. "
                    },
                    {
                        "name": "support_1",
                        "src": "images/crystal-8.jpg",
                        "src-sm": "Images/Sun-sm.png",
                        "caption": " "
                    },
                    {
                        "name": "support_2",
                        "src": "images/crystal-8.jpg",
                        "src-sm": "Images/Sun-sm.png",
                        "caption": " "
                    },
                    {
                        "name": "support_3",
                        "src": "images/crystal-8.jpg",
                        "src-sm": "Images/Sun-sm.png",
                        "caption": " "
                    },
                    {
                        "name": "support_4",
                        "src": "images/crystal-8.jpg",
                        "src-sm": "Images/Sun-sm.png",
                        "caption": " "
                    },
                    {
                        "name": "support_5",
                        "src": "images/crystal-8.jpg",
                        "src-sm": "Images/Sun-sm.png",
                        "caption": " "
                    }
                ]
            },
            {
                "route" :"dig",
                "preview" :"dig-preview",
                "project" :"dig-project",
                "name"  : "More1",
                "year"  : "2014",
                "medium": [
                    "Paper",
                    "Wood",
                    "Arduino"
                ],
                "technique": [
                    "Laser Cutter",
                    "Wood Working",
                    "Programing"
                ],
                "description_short": "A traditional Japanese lamp that responds gesturally to weather phenomena.",
                "description_long": "A traditional Japanese lamp that responds gesturally to weather phenomena using an integrated micro controller + Connectivity to remote weather stations. The lamp seeks to explore our relationship with dynamic data, for this instance weather. How much do we really need to know? When is a qualitative understanding of data sufficient? The lamp is also a sort of commentary on the current state of culture in Japan. It is no coincidence that the lamp resembles a tower crane. The lamp bridges the gap between traditional Japanese culture and Japan as a world-leading technological hub. The Lamp is a collaboration between Massart’s graphic design program and MIT’s Architectural Computation department. The following pages detail the CAD models and a bit of the building process for the first of the 3 proposed lamps, this is the smallest desk lamp. Further on there is a glimpse into the program written to aggregate weather sources as well as a web-interface designed to program + control the lamp.",
                "description_long_1": "A traditional Japanese lamp that responds gesturally to weather phenomena using an integrated micro controller + Connectivity to remote weather stations. The lamp seeks to explore our relationship with dynamic data, for this instance weather. How much do we really need to know? When is a qualitative understanding of data sufficient? The lamp is also a sort of commentary on the current state of culture in Japan.",
                "description_long_2": "A traditional Japanese lamp that responds gesturally to weather phenomena using an integrated micro controller + Connectivity to remote weather stations. The lamp seeks to explore our relationship with dynamic data, for this instance weather. How much do we really need to know?",
                "pull_quotes": [
                    " The lamp seeks to explore our relationship with dynamic data, for this instance weather.",
                    "This is the second big quote",
                    "This is the third big quote"
                ],
                "meta" : {
                    "Client" : "Self (MIT)",
                    "Year" : 2015,
                    "Role" : "Designer / Developer",
                    "Team" : "N/A",
                    "Discipline" : "Fabrication / Industrial Design",
                    "Medium" : "Internet of Things / Wood",
                    "Technologies" : "Arduino / Woodshop",
                    "Duration" : "Two Months"
                },
                "hero": "images/crystal-8.jpg",
                "cut": "images/lamp-Out.png",
                "images": [
                    {
                        "name": "hero",
                        "src": "images/crystal-8.jpg",
                        "src-sm": "images/lamp-sm-0.jpg",
                        "caption": "Side view of Gestural Lamp. "
                    },
                    {
                        "name": "support_1",
                        "src": "images/crystal-8.jpg",
                        "src-sm": "Images/Sun-sm.png",
                        "caption": " "
                    },
                    {
                        "name": "support_2",
                        "src": "images/crystal-8.jpg",
                        "src-sm": "Images/Sun-sm.png",
                        "caption": " "
                    },
                    {
                        "name": "support_3",
                        "src": "images/crystal-8.jpg",
                        "src-sm": "Images/Sun-sm.png",
                        "caption": " "
                    },
                    {
                        "name": "support_4",
                        "src": "images/crystal-8.jpg",
                        "src-sm": "Images/Sun-sm.png",
                        "caption": " "
                    },
                    {
                        "name": "support_5",
                        "src": "images/crystal-8.jpg",
                        "src-sm": "Images/Sun-sm.png",
                        "caption": " "
                    }
                ]
            }
        ]
    },
    "bios_text": {
        "title": "Designer | Researcher <br> Creative Coder",
        "description_pull": "Design at the intersection of people and technology, weaving lessons from natural systems into creative solutions and computational models.",
        "description_short": "Alex is a designer and researcher currently at Eyewire. Driven by a passion for innovation and cross disciplinary collaboration, he sees the world through the lens of design. His work focuses on the intersection of people and technology, weaving lessons from natural systems into creative solutions, delightful interactions, and computational models.",
        "description_long" : "<br>Having split his undergraduate years between MassArt and MIT Media Lab, he occupies the cross-disciplinary space between the physical and the digital, data and expression; a radical atom if you will. He loves setting beautiful typography, the careful design of information, generative physics, and crafting delightful interactive narrative experiences across devices and platforms.<br><br>Alex’s visualizations have been featured at TED, Tribeca Film Festival, and in Times Square NYC. His renderings have appeared in Wired magazine, the New York Times, and Nature scientific journal.<br><br>When not designing, Alex can be found in search of the perfect breeze, windsurfing or sailing off the coast of Cape Cod.",
        "link_1": "bios",
        "link_2": "resume",
        "link_3": "works"
    },
    "feature": [
        {
            "feature": "MIT Media Lab",
            "project": "BrainVR",
            "logo": "images/media-lab-logo.png",
            "caption": "See the brain in new dimensions.",
            "link": "http://brainvr.media.mit.edu/"
        },
        {
            "feature": "MIT",
            "project": "Eyewire",
            "logo": "images/mit-logo.png",
            "caption": "Play a game to map the brain.",
            "link": "http://eyewire.org/explore/"
        },
        {
            "feature": "TED",
            "project": "Neurons & Space",
            "logo": "images/ted-logo.png",
            "caption": "What if you could see ideas worth spreading?",
            "link": "http://blogs.microsoft.com/next/2014/03/19/at-ted-worldwide-telescope-uses-oculus-rift-to-let-attendees-experience-the-universe/#sm.0001jugbv418cqf6hyy9leuzw0r30"
        },
        {
            "feature": "Wired",
            "project": "Eyewire",
            "logo": "images/wired-logo.png",
            "caption": "A videogame that recruits players to map the brain.",
            "link": "http://www.wired.com/2013/08/a-video-game-that-lets-you-be-a-neuroscientist/"
        },
        {
            "feature": "NY Times",
            "project": "Eyewire",
            "logo": "images/nytimes-logo.png",
            "caption": "How the brain's wiring makes you, you.",
            "link": "http://www.nytimes.com/2014/05/27/science/all-circuits-are-busy.html"
        },
        {
            "feature": "Nature",
            "project": "Eyewire",
            "logo": "images/nature-logo.png",
            "caption": "Space–time wiring specificity supports direction selectivity in the retina.",
            "link": "http://www.nature.com/nature/journal/v509/n7500/full/nature13240.html"
        },
        {
            "feature": "FastCo Design",
            "project": "Neurons & Space",
            "logo": "images/fastco-design-logo.png",
            "caption": "Virtual reality is here, and brands of all stripes are embracing the tech.",
            "link": "http://www.fastcompany.com/3062792/second-shift/patagonias-ceo-explains-how-to-make-onsite-child-care-pay-for-itself"
        },
        {
            "feature": "Times Square Arts Allience",
            "project": "Scales of Complexity",
            "logo": "images/times-square-logo.png",
            "caption": "Eyewire takes over Times Square for an entire month",
            "link": "http://www.timessquarenyc.org/times-square-arts/media/press-releases/noah-hutton-brain-city/index.aspx"
        },
        {
            "feature": "Tribeca Film Festival",
            "project": "BrainVR",
            "logo": "images/tribeca-logo.png",
            "caption": "Explore the brain in new dimensions.",
            "link": "http://blog.eyewire.org/brainvr-at-tribeca/"
        },
        {
            "feature": "TEDx",
            "project": "A Game to Map the Brain",
            "logo": "images/tedx-logo.png",
            "project-thum": "images/tedx-logo.png",
            "caption": "Introducing a game to map the brain.",
            "link": "https://www.youtube.com/watch?v=bwcuhbj2rSI"
        },
        {
            "feature": "Fast Company",
            "project": "Eyewire",
            "logo": "images/fastco-logo.png",
            "project-thum": "images/fastco-logo.png",
            "caption": "VR is here and with it, scientific visualizations.",
            "link": "http://www.fastcompany.com/3062792/second-shift/patagonias-ceo-explains-how-to-make-onsite-child-care-pay-for-itself"
        },
        {
            "feature": "Forbes",
            "project": "BrainVR",
            "logo": "images/forbes-logo.png",
            "caption": "70,000 gamers are playing a game to map the brain.",
            "link": "http://www.forbes.com/sites/singularity/2013/08/19/70000-have-played-eyewire-game-that-trains-computers-to-map-the-brain/#7073a6f8ad9b"
        }
    ],
    "contact": {
        "shout_out": "Interested in working together or simply meeting up?",
        "shout_out_sub": "I love sharing adventures, discovering new design, and nerding out on emerging technology—especially machine learning.",
        "cta": "Let's Talk.",
        "email": "alexnortn[at]gmail[dot]com",
        "phone": "774 766 1179",
        "copywrite": "2016 Alex Norton"
    },
    "welcome_text": {
        "greeting_text": "I'm Alex Norton",
        "discipline_text": "designer, researcher,",
        "discipline_text_2": "creative coder",
        "greeting_morning": "Good Morning, ",
        "greeting_afternoon": "Good Afternoon, ",
        "greeting_evening": "Good Evening, "
    }
}